Word,Count
=,181
the,55
{,53
},52
,52
*,45
exit(0);,36
=>,32
true));,29
to,29
into,25
XML,24
array,24
convert,23
result,23
or,21
\print_r(array('xml'=>$xmlRequest,\,19
watchdog('EBAY,19
\'res'=>$data),\,19
API,19
for,17
\CALL',\,16
if,16
is,15
else,13
node,13
0):,12
(1,12
a,12
as,11
return,11
and,11
this,11
get,11
item,10
$output,9
\"\\,9
?\d\d\d\d,9
not,9
1,9
page,9
\array(),\,8
NULL);,8
.=,8
function,8
from,8
tracking,8
\WATCHDOG_DEBUG,\,8
\watchdog("\DEBUG:TRACE"\,\,8
check,7
on,7
need,7
URL,7
comments,7
==,7
Direct,7
shipment,7
we,7
\only,\,6
0,6
2,6
$result,6
like,6
hook_node_prepare(),6
hook_prepare(),6
in,6
\disabled,\,6
Sets,6
array(,6
Invokes,6
);,6
defaults,6
promoted,6
front,6
read/write,6
return;,6
some,6
published,6
read,6
Or,5
Prepare,5
'en',5
locale,5
join,5
enabled,5
with,5
e.g,5
$sql,5
user,5
count,5
order,5
saving,5
where,5
create,5
node_save($node);,4
$obj,4
it,4
Strip,4
ebay,4
listing,4
!=,4
\"\<a\,4
no,4
out,4
$title,4
queue,4
$priceBlock);,4
that,4
'message'=>$message));,3
),3
data,3
\"\select\,3
auth,3
$output;,3
CARD:,3
did,3
browser,3
print_r($data);,3
Array,3
batch,3
which,3
processed,3
FROM,3
value,3
\drupal_mail('price_check',\,3
@$item->field_price['und'][0]['value'];,3
?[0-9A-Z]{3},3
(,3
be,3
parameter,3
1),3
an,3
$node,3
\'alert',\,3
Eu6Zvm43Oc26eh9PUoX3oumUm6QWuHhB4i8B5zIvwsCST2h0mPlwkcgkQwD097sa1xKKZQ4hqzm84Zs+5RE8kLxCDFNRGRNuVomAkQFrA5cpK1wXskNwp3CowlLzCC//9luGA8mOXrCia7IqfSZ+BppNgAPttaUMXreWXOBy5sjEYBp2/wy6JmTHTax01U9v6oPDWyD1TTza+7jPyVHsUsiuOhG0CLmalQLGNLW2F6+MAuDtSsWSe0NmFpTciTpPs6PbOs5VX248U+Wr3rCcPquGJuFdUzT7ln3bLaJEeeVqZUOg06qlyAp2kTfJovPT9kSR+JtbVyWmCt8jxZJx/VdxaVZsirN/XewUInZtdUFkEURozus2Pzl4ls6ig5VfLdD6vX4DwB1Me69qaEGzZXmFVo0FY5h7gdu/JyPHuL8y4OlwIYdpXCLmhwCBhWgCrKSb9ENGbpChHM8yVXHPwZpI+9bOvU/LNOgcMMBxzSyOn6HeO6Jbcn9OR8f70d8QCH2LdKK1nWXn/46+1t6QnLNGd73R8RZVPu5gsbw8nExuHs4rccbmEQiPNRXzlBPmIXm9OI1lqE4x4d5rM1X9IGxB6NfhGSDvkpCkADLJP9xv+28tvzR01lJRe4ZNV+PtxuGrwHtSWFYXXPWz3yTn327qY666ZTp+zDZ+FXvgHVQDbh1x+qgAeIozJZylvdYmgNSoiWoDErLfCfWNouD';,3
have,3
$verify_html,3
$end_date,3
\language_default(),\,3
there,3
TODO:,3
any,3
def');,3
at,3
all,3
false),3
\"\<td><input\,3
CALL:,3
array('node',3
'using,3
are,3
>,3
\watchdog("\queue:auth"\,\,3
If,3
items,3
array();,3
price,3
print_r($xmlRequest);,3
$node->field_external_url['und'][0]['value'];,2
seller,2
entity_id,2
$title);,2
node_load($nid);,2
gift,2
then,2
-,2
'';,2
print_r($item);,2
$option,2
before,2
wrap,2
load,2
Walmart,2
id,2
walmart,2
Name,2
DHL,2
agent,2
array('value',2
$picture,2
next,2
\"\:"\\,2
field_external_url_value,2
confirmation,2
if(count($pictures),2
entity,2
framework,2
if($user->uid,2
\print_r($q,\,2
CertID:,2
edit,2
card,2
\/></td>"\\,2
$uid);,2
Set,2
\href='"\\,2
build,2
OS,2
links,2
$img,2
highlight,2
$record),2
choose,2
$result->fetchField();,2
sending,2
$stockBlock));,2
@$obj->upc;,2
'worker,2
\$operations,\,2
1);,2
DEVID:,2
assign,2
tags,2
'time',2
swap,2
stage,2
fc.entity_id,2
WHERE,2
price_check_get_ebay_account_names();,2
type='text',2
continue;,2
$pictures,2
$user_full,2
$ebay_id,2
price_check_proc_authorize();,2
n,2
$name,2
goes,2
\item"\,\,2
$ebay_item,2
$obj->stock,2
$pictures[0];,2
$_SESSION['price_session'][0]);,2
Name:,2
when,2
$operations[],2
$queue->createItem($q);,2
$obj->standardShipRate,2
$points_link,2
USPS,2
callback',2
found,2
your,2
price_check_get_current_user();,2
\"\NO"\;\,2
fix,2
$sku),2
ajax,2
$seller['price'];,2
HTML,2
$_SESSION['output'],2
n.nid,2
revise,2
//add,2
locked,2
\$node,'item'=>$item,\,2
referrer,2
$ext_link,2
$ebay_accounts,2
$price_html,2
price_check_alerts(),2
update,2
batch_set($batch);,2
4),2
$obj;,2
images,2
$has_api,2
\->range(0,\,2
orders,2
$sugg_price,2
Key,2
dsgenie,2
AppID:,2
Open,2
$batch,2
$ext_url,2
$subscriber,2
$obj->salePrice,2
field_data_field_external_url,2
//,2
db_query($sql);,2
$email;,2
\199,\,2
;),2
'title',2
0),2
fi.entity_id,2
\watchdog("\auth:token\,2
$email,2
without,2
\"\</tr>"\;\,2
variation,2
\rand(3,\,2
up,2
\"\YES"\;\,2
print_r($output);,2
\"\,\,2
!==,2
'operations',2
\"\got\,2
//get,2
info,2
print_r($pictures);,2
$seller['shipPrice'];,2
\db_query($sql,\,2
pictures,2
image,2
kmart,2
above,2
\(?:www\.){0,1}amazon\.com(?:/.*){0,1}(?:/dp/|/gp/product/|/exec/obidos/ASIN/))(.*?)(?:/.*|$)#';\,2
$stripe_id,2
import,2
\owner',\,2
Edit,2
$uid,2
new,2
'finished',2
($req,2
\class="\g-hdn"\>Details\,1
price_check_get_item_object_from_url($ext_url);,1
\print_r($token_raw,\,1
requested,1
\$xp->evaluate('string(.//*[contains(concat("\\,1
price_check_build_sql_accounts($ebay_accounts);,1
behaviour,1
$ebay_url,1
src='$picture',1
batch_process('lookup-new');,1
api,1
$stockBlock);,1
\db_query("\SELECT\,1
\/></td><td>$upc</td><td>$option</td><td>{$obj->salePrice}</td><td>http://www.walmart.com/ip/$name/$sku</td>"\\,1
node_load($node->nid);,1
properly,1
if($subscriber['price']),1
price_check_decode_field(@$item->field_picture['und']);,1
\$page,\,1
\$_SESSION['price_session']['returl'],\,1
other,1
$node->field_seller['und'][0]['value'],1
$form['field_store_image']['#access'],1
skipped,1
\file_put_contents($filename,\,1
$item,1
24430,1
});,1
\array("\No\,1
$node->field_brand['und'][0]['value'],1
numeric,1
\form_set_error("\Invalid\,1
templates,1
ebay:,1
$novars,1
name='p$nid',1
'Here,1
\parent,\,1
NEW</h1>,1
5193,1
\header("\Location:\,1
4776,1
\'%walmart.com%{$walmart_item->itemId}%'"\;\,1
71d57122-1b75-4f7b-a510-f4e57f48bd90,1
http://track.dhl-usa.com/TrackByNbr.asp?ShipmentNumber=XXXXXXXXXXXXXXXXX,1
$sql_args['sql'];,1
\'price_check_fix_walmart_item_atom',\,1
has,1
if($sql_args),1
24427,1
@since,1
fixed,1
\URL"\);\,1
\lasership,\,1
ICC,1
price_check_force_json_array($response['searchResult']['item']);,1
\Stripe\Customer::retrieve($stripe_id);,1
watchdog('xml:request,1
$numpages,1
$price,1
$items,1
\brand,\,1
'DS_Genie-DSGeniefd-4b71--pmyrqipd',1
end,1
$nid,1
$results,1
$node->field_activity[$node->language][0]['value'],1
price_check_customers(),1
if(count($old_subs),1
foreach($results,1
\($auth_code)"\,\,1
normal,1
\"\<form\,1
print_r($phpobj);,1
\"\<td>$has_api</td>"\\,1
cus_6lDAb7CINk3MzI,1
tells,1
print_r(price_check_get_paypal_email_new($auth_code));,1
$form['actions']['update_ebay']['#submit'][],1
\"\<tr><td>{$account->field_user_full_name['und'][0]['value']}</td>"\\,1
graphic,1
\$item),\,1
@$account->field_subscription_id['und'][0]['value'];,1
ur,1
time(),1
subscription,1
\drupal_set_message("\$title\,1
@$item->field_verified['und'][0]['value'];,1
>=,1
{$item_id},1
each,1
if(@$item_obj->salePrice),1
/\b(1Z,1
profit,1
pierre,1
[status],1
$subscr_id,1
foreach,1
Something,1
\views,\,1
@$item_template->body['und'][0]['value']);,1
\"\$order_total\,1
translated,1
upc,1
price_check_query_walmart_items($item),1
field_data_field_complete,1
\$retpath"\,\,1
smallest,1
price_check_call_stripe();,1
serialize($output));,1
@author,1
user..,1
drupal_goto('ebay_auth');,1
$operations),1
GC,1
http://www.dsgenie.com/ebay_auth?bebm2yRH=WEXEAM3n,1
'-'),1
below,1
style,1
ur.rid,1
suitable,1
\$results,\,1
\"\'>(link)</a>"\;\,1
http://statowl.com/operating_system_market_share_by_os_version.php,1
$subscription->status;,1
\rand(111,\,1
\"\</table></form>"\;\,1
if(@$picture),1
root,1
print_r($ext_item);,1
$node->field_sellers_raw,1
\(!in_array('administrator',\,1
$all_items[],1
null;,1
\"\Not\,1
18704-1976,1
$url);,1
5191,1
\table,\,1
if($obj->itemId,1
$record->entity_id;,1
\"\hide-referrer"\\,1
method='POST',1
\"\<p>You\,1
associated,1
'-';,1
$upc,1
\preg_replace('/<script\b[^>]*>(.*?)<\/script>/is',\,1
ur.uid,1
specifics,1
customers,1
menu,1
\now,\,1
section,1
print_r($order_list);,1
\if(strpos($val,\,1
\"\kwesistewart@bluephoenixtt.com"\,\,1
threshold,1
price_check_get_price_with_shipping($item_obj);,1
prepare,1
\if(substr($title,\,1
users,1
http://www.fedex.com/Tracking?action=track&tracknumbers=XXXXXXXXXXXXXXXXX,1
1234ABCD,1
num_listings,1
\$price_html</td>"\\,1
array_pop(array_pop($new_subs));,1
\class="\it-ttl"\\,1
$seller),1
Global,1
\itemprop="\name"\\,1
greater,1
urls,1
http://webtrack.dhlglobalmail.com/?mobile=&trackingnumber=XXXXXXXXXXXXXXXXX,1
code,1
60,1
\Safari/6$saf"\;\,1
field_data_field_subscribers,1
refund,1
node_save($item);,1
last,1
Home,1
proxy,1
node_delete($nid);,1
$variants,1
\price_check_set_form_value($form,\,1
way,1
target='_blank',1
\null,\,1
fire,1
find,1
\*[@class="\shipping"\])',\,1
\:access_token"\;\,1
if(@$_SESSION['walmart_fix']),1
72356),1
must,1
what,1
print_r(drupal_get_messages());,1
\'price_check_process_walmart_queue_atom',\,1
response:,1
Name</th><th>Ebay,1
off,1
\*[@itemprop="\price"\])',\,1
Safe,1
Sources:,1
$subscribers,1
form,1
http://www.dsgenie.com/ebay_auth?auth=false,1
\60385,\,1
object:,1
@param,1
\"\ask\,1
user_load_multiple($uids);,1
X;,1
array(':rid',1
if($user_full->uid,1
\drupal_set_message("\deleted\,1
desired,1
try,1
\print_r($variation,\,1
SQL;,1
https://bit.ly/1xqoPJH,1
array('title',1
$params,1
$row),1
\watchdog("\queue:seller_items"\,\,1
\file_get_contents("\http://api.walmartlabs.com/v1/items?ids=$item&format=json&apiKey=z58e678x39qen55m2jbqqpmt"\);\,1
\watchdog("\list\,1
\array($sku),\,1
$new_subs,1
Mountable,1
$node->field_messages,1
\print_r($work,\,1
4,1
$ebay_accounts_field,1
price_check_ebay_listings(),1
\before"\,\,1
\true),\,1
AS,1
count($new_subs)),1
handle,1
$points),1
$sub_account,1
\href='/edit_ebay/$ebay_id'>(edit)</a>"\;\,1
print_r($item_template->field_picture);,1
'%walmart.com%',1
http://360percents.com/,1
omit,1
if($item_template->nid,1
write,1
us,1
listings,1
\file_save_data("\123"\,\,1
$seller_map[0];,1
scenarios,1
\*[@class="\offerPrice"\])',\,1
$form['field_order_status']['#size'],1
\print_r(func_get_args(),\,1
$result->fetchCol();,1
field_complete_value,1
//im,1
\({$subscriber['price']})"\;\,1
Entity,1
$customer->$vp['subscriptions']->$vp['data'][0]->$vp['id'];,1
time();,1
price_check_decode_field($account->field_ebay_accounts['und'])),1
$lang,1
json_decode($json);,1
\"\<tr><td>$img</td><td><a\,1
$gift_card));,1
\Item</a>--></td></tr>"\;\,1
$json,1
\print_r(price_check_get_overstock_item_from_url("\http://www.overstock.com/Home-Garden/Wood-Leg-White-Accent-Chairs-Set-of-2/4429638/product.html"\));\,1
\'order'"\);\,1
array(true);,1
-1),1
$account->uid;,1
one,1
\"\;\,1
$ebay_account),1
\price_check_get_ebay_item_from_id($ebay_id,\,1
\$xmlRequest),\,1
3f048811-7158-4d9b-96c5-346513f54bb8,1
$num_listings,1
$role,1
htmlspecialchars(@$item->field_external_url['und'][0]['value']),1
deduct,1
$nid),1
drupal_flush_all_caches();,1
\(?:www\.){0,1}academy\.com(?:\/shop)(?:\/pdp)\/)(.*)#';\,1
\fatal',\,1
print_r($results);,1
failed,1
save,1
Swap,1
\array($nid,\,1
LaserShip,1
name,1
now,1
5188,1
variants,1
print_r(array('obj',1
id='modify_item',1
{$_SESSION['price_session']['auth_code']},1
\"\ormc@email.com"\,\,1
fc,1
\"\ADMIN"\;\,1
FALSE;,1
Gate,1
\(?:www\.){0,1}target\.com(?:/.*){0,1}(?:/-/))(.*?)(?:\#|/.*|$)#';\,1
extract,1
foreach($subscribers,1
\watchdog("\queue:seller_add_title"\,\,1
\$item['title'],\,1
of,1
http://www.dsgenie.com/ebay_auth?auth=true,1
foreach($nid_array,1
Enable,1
if(!$item),1
\standardShipRate,\,1
$ebay_account);,1
print_r($email);,1
\"\done"\;\,1
deleted,1
price_check_decode_picture_field(@$item->field_ds_genie_pictures['und']);,1
\tracking',\,1
4596,1
\"\call\,1
:rid';,1
\url."\);\,1
\balance,\,1
array_values($user->roles))),1
provided,1
for($page=2;$page<=$numpages;$i++),1
itemID,1
directly,1
$min_sales),1
RuName,1
\"\page\,1
Plastic,1
tick,1
@return,1
Pušić,1
Item.ApplicationData,1
suggested,1
fp,1
\Mobile/8B"\\,1
$node->field_api_limit,1
price_check_fix_walmart_items(),1
print_r($data['Items']);,1
“track”,1
\time.</p>"\;\,1
\"\have\,1
\"\</a>\,1
$node->field_sellers,1
\"\Available"\;\,1
$node->field_subscribers['und'][$key]['value'],1
watchdog('node,1
DSGENIE4f-fe00-44d3-b54f-82c84be7642,1
\$email,\,1
if($email),1
\,\,1
119),1
\"\UNKNOWN\,1
$obj->variants;,1
Code,1
$sql_args,1
\"\.0.5\,1
$content_access_token));,1
you’d,1
user_load_by_name($new_sub);,1
$record->field_subscribers_value;,1
\"\FREE/DELINQUENT"\;\,1
$node->field_store_price['und'][0]['value'],1
\Stock/Discontinued"\)])');\,1
'op',1
\mpn,\,1
checking,1
\Variants',\,1
$end_time,1
limit,1
print_r($form_state['input']);,1
$form_state);,1
$node->field_min_price,1
node_load($record->nid);,1
\array("\Invalid\,1
\"\-"\,\,1
\"\<img\,1
TODO,1
$node->field_content_access_token['und'][0]['value'];,1
Pet,1
2011,1
their,1
print_r($gift_card);,1
\$auth_code"\,\,1
$phpobj['analyticsData']['usItemId'];,1
$link,1
$node->field_quantity_sold['und'][0]['value'],1
@$new_node->field_subscribers['und'];,1
\"\{$subscriber['ebay_account']}|{$subscriber['ebay_id']}"\;\,1
Gecko),1
\"\'>"\\,1
output,1
watchdog('test,1
$item->uid),1
\Version/"\\,1
?\d\d\d\d|96\d\d),1
\',\,1
\0,\,1
$node->body[LANGUAGE_NONE],1
http_response_code(200);,1
60);,1
mail,1
\ups,\,1
\watchdog('walmart:workitems',\,1
\date('Y-m-d',\,1
135),1
FILE_EXISTS_REPLACE);,1
bot,1
total,1
$old_subs,1
giftcards,1
\$obj,\,1
price_check_fix_orphaned_fields();,1
available</h3><table><tr><th>Name</th><th>User,1
\"\"\,\,1
'/^file.*$/');,1
$operations,1
\*[@class="\sku"\])',\,1
am,1
href='/node/add/item?link=$link_code'>Add,1
$remove_link,1
$ebay_item['Item']['Seller']['UserID'];,1
\'item'=>$item,\,1
$key,1
$balance,1
only,1
unrelated,1
href='/give_listings/$uid/$points'>+$points</a>,1
FedEx,1
@version,1
array('ebay_account',1
2011-04-14T21:09:41.000Z,1
'get_orders'),1
DSGeniefd-4b71-47c4-9b1e-e36fd4d1043,1
3785),1
Main,1
\*[@data-id="\dynamic-sku-price"\])');\,1
API?</th><th>Give,1
if($novars),1
added,1
AgAAAA**AQAAAA**aAAAAA**ZMrlVQ**nY+sHZ2PrBmdj6wVnY+sEZ2PrA2dj6AHlYqkD5CHoAydj6x9nY+seQ**z/kCAA**AAMAAA**eTi/S/z21hnIRzLsaUDmNCgVuIzagBjzb6PmmkQtvV3Se9Al6iyDHBriH98hFMeAGPEy5CjhQ+pPG7omnWxVm3G2r88ZZSOIWf2KmLZXl5tIY3WQi2asEfZwU3IjLTw+1SLr4a2uVIZRK0lJtEYA3JEfmp1KueLMDPfr2kRgGwikevMCf2HERFYIiILu7T+bCvsbWJcMVfnygsihkJh6DMl27qg1Tb772+yKU1L/UXmrhgtDV1HLueYeKEp5yWjvpMcGG5wS4lbUGWXjqt7F+32XaS+4EMIfjkmX9V3d/w32O/jJi4eUevZeihac827JIBKBHDCnp1E7IpSOzawl5vHba0i2eXVjT6PTdTvv+nunmbtWC2Z5ZM1STL9Jp+HIFnSTDgdSnLEudBMaazRXXTZXMG9ycAuz17RzjoXZ9wMA4E9pE3f6BwfL4YHiU13P8lyH3jYFSmS9xPxK7xHTlFlZgi7pBTC0ebD3JkLgjkdpRjis0qTrHUtKMHHLG0fIYuIHE9XfVkJMDgjf/wfId2y2kyqhjETpO5a82ZSbH4MM+C3O221Ytxwgy/eLGEw41WQW5bnb4eWMR1cAdLgYHkwAsLwvu2i2vjKSNK6sBAfd1YnTncb1nUmfzG1m0PX47rVoKSgOQZuQCBHTd0pw9uaDMtIBH2bRgTjlZxw84zkHpDxaoR2N9V1wOb2LtKSZChDI1dL9GKFWhl7/TJyqu8QiWbSI9BRvYNHpGFv8yHVAKKmA8mEWOMAapTkfDDUq,1
\implode(',',\,1
Ends</th><th>Has,1
signup,1
if($subscription_id),1
uid,1
\db_query($query,\,1
':'),1
$node->field_item_name['und'][0]['value'],1
if(price_check_get_item_sales_30($item['itemId']),1
\"\FREE"\;\,1
CPU,1
'fix_spider');,1
named,1
if($bool_verified),1
foreach($variants,1
fetch,1
US,1
$node->field_ebay_url['und'][0]['value'];,1
just,1
\Available"\;\,1
access,1
\failed"\,\,1
Safety,1
\*[@class="\priceLarge"\])',\,1
[0],1
print_r($record);,1
$end_timestamp);,1
print_r($response);,1
sleep(2);,1
\"\http://www.walmart.com/ip/$name/$sku"\;\,1
?[0-9A-Z]|[\dT]\d\d\d,1
+,1
\$ebay_accounts_field,\,1
Item,1
\watchdog('walmart:atom',\,1
if($numpages,1
TRACKING,1
getInfo(),1
src='{$obj->thumbnailImage}',1
$_SESSION['walmart_items'],1
\happened,\,1
\$node,\,1
\"\<td>$end_date</td>"\\,1
{lang}),1
\"\$nid\,1
if($stripe_id),1
\'a.hide-referrer',\,1
node.nid,1
languages,1
json_decode($result);,1
4599,1
unset($_SESSION['walmart_fix']);,1
lock,1
AppleWebKit/$saf,1
4781,1
iPhone,1
'item',1
field,1
titles,1
case,1
isn't,1
$obj->itemId,1
print_r(array('result',1
$user;,1
tracking:,1
Child,1
type='submit',1
$query,1
\resort,\,1
price_check_get_ebay_item_from_url($ebay_url);,1
\parse',\,1
got,1
http://en.wikipedia.org/wiki/Usage_share_of_web_browsers#Summary_table,1
ret:,1
matches,1
Name</th><th>Price</th><th>Set,1
including,1
&nbsp;</span>Adjustable,1
?[0-9A-Z]{4},1
array(':access_token',1
CDATA,1
\"\<td>{$account->name}</td>"\\,1
\price_check_add_ebay_item_to_account($sub_account,\,1
[c24427],1
print_r($form_state['values']);,1
probably,1
array($output);,1
<=,1
\price_check_get_ebay_seller_items($seller,\,1
'orders_tracking'),1
\$ebay_account"\;\,1
n.type,1
'SELECT,1
$account->name);,1
random,1
unlock,1
{node},1
make,1
\(KHTML,\,1
\"\node/$nid"\);\,1
\if(strpos($item->field_external_url_value,\,1
least,1
\(?:www\.){0,1}overstock\.com(?:/.*)(?:/.*)/)(.*)/.*#';\,1
\$gift_card\r\n\r\n"\;\,1
The,1
work,1
\Listings</th></tr>"\;\,1
$stock,1
string,1
PHP,1
foreach($ebay_accounts,1
\"\NA"\;\,1
\print_r($item,\,1
print_r($subscription_id);,1
points,1
\print_r($data,\,1
'(iPod;,1
field_data_field_store_price,1
\(5,1,2290)\,1
1000;,1
\Customer"\);\,1
suggestions,1
Stairs,1
array('nid',1
'Looking,1
\$nid"\);\,1
\/>"\;\,1
\@class,\,1
https://bit.ly/1FYZYOq,1
\tax',\,1
\stock,\,1
\DSGenie"\);\,1
if(!isset($obj->variants)),1
6008,1
block,1
\$(document).on('click',\,1
call,1
db,1
$phpobj['analyticsData']['productSellersMap'];,1
$customer,1
print_r($category);,1
\"\),\,1
i,1
\id,\,1
$node->field_upc['und'][0]['value'],1
\token,\,1
recheck,1
price_check_get_item_name($ebay_item_id);,1
openWithoutReferrer(e.target.href);,1
\watchdog('walmart:work',\,1
width='100',1
Price</th><th>Set,1
@$response['paginationOutput']['totalPages'];,1
\array($row->entity_id),\,1
IE4+,1
8ddc39f9-84f0-40e7-90a6-f53e423f2cab,1
\tax2',\,1
Mac,1
https://tools.usps.com/go/TrackConfirmAction_input?qtc_tLabels1=XXXXXXXXXXXXXXXXX,1
Fedex,1
equivalent,1
$node->field_api_usage,1
$path,1
$node);,1
action='/modify_item_ajax'><table><tr><th>Image</th><th>Item,1
unavailable,1
price_check_get_walmart_attributes($obj);,1
global,1
price_check_html_convert_entities(htmlentities(@$item_template->title));,1
completely,1
$start_time,1
name='x$nid',1
\points,\,1
$ebay_item_id,1
?\d\d\d\d)\b/i,1
UNKNOWN,1
$users,1
($queues['price_check_walmart_queue'],1
href='/remove_item/$nid/$ebay_id',1
creator,1
\"\add\,1
proc,1
$node->field_titles_processed['und'][],1
Random,1
if(@$user->uid,1
will,1
if(price_check_is_paying_customer()),1
$seller_map,1
price_check_get_paypal_email_new($auth_code);,1
break;,1
\"\)])');\,1
\price_check_fix_walmart_item_finished($success,\,1
\*[@class="\price"\])',\,1
$val),1
affiliate,1
$name;,1
urlencode($link);,1
bootleggers,1
(24,1
@$old_node->field_subscribers['und'];,1
/><input,1
t(),1
count(*),1
strings,1
$item['itemId']);,1
\"\</td>"\\,1
\drupal_set_message("\UNKNOWN\,1
lookup,1
print_r($ebay_item);,1
'req',1
\{$row->entity_id}"\);\,1
\fixed"\;\,1
xml,1
Item.ShippingDetails,1
?\d\d\d)\b/i,1
\substr($node->field_item_name['und'][0]['value'],\,1
\price',\,1
\value='Submit'></td>"\\,1
$subscription,1
`field_data_field_user_access_token`,1
?[0-9A-Z]{2},1
fp.entity_id,1
[c24430],1
/\b(91\d\d,1
$sql_args['args']);,1
\id="\itemTitle"\><span\,1
$context['message'],1
Note,1
upload,1
Stripe,1
\'price_check_fix_walmart_item_finished',\,1
$uids,1
$delta,1
U;,1
\"\Walmart.com"\)\,1
\usps,\,1
value='$params',1
\@file_get_contents("\http://walmartlabs.api.mashery.com/v1/items/$sku?format=json&apiKey=z58e678x39qen55m2jbqqpmt"\);\,1
runame:,1
$account),1
if($json,1
price_check_get_subscriber_from_string($params);,1
/\b((96\d\d\d\d\d,1
\foreach(array(1,3,5,10)\,1
multi-line,1
\blank,\,1
$_SESSION['price_session'][0];,1
\after"\,\,1
checked,1
external,1
@$obj->brandName;,1
AgAAAA**AQAAAA**aAAAAA**3fXlVQ**nY+sHZ2PrBmdj6wVnY+sEZ2PrA2dj6AHlYqkD5CHoAydj6x9nY+seQ**T+ICAA**AAMAAA**jWV3vUbcQqpgwB8XAjt+RyXRA5XCv6gvgFY8gKC9UvGVXKRaBZ3q1BixJHcA96lPyASjua3rNmWZp22cpY8n2JUVl4vhKtQmMn/2I9TiZTW6Nt12pISjk+MW8Py+JW7my9Xmv355Et4dN0Rd/0QnzdxDSishpYb8goVck1lilEmVmH+33z7401MrYwD25UbF6L8fjX4zxrrXMg+56B+bQgNiQP5hawUZ4fciuTyMjHsT/263nwzyAf52W9Z21qBMg1o7aS3rVL3ed8C4hubNeDlAIsR4KwNCd4wV651u8Yf112sfZlO+245B4nGJQbJrbvBIgc8kDf3FXGlh2RmSNltdsyC+zBcb4sK0KuLoJHFTKU56SzRwl1NAO/OKinNqhvzs0PlBhLwVv8pAyfG5wjbMGklMwbJI/diFq6u4RTXO1FTm0M86uWYVIvTU9BZ52tH/J9Ld6hP/9PqU6HG/9/vBQwmKXg4d6nLD69PehVWJeD1rsM9GngS8kuSkM5/gih8JvkCMJvrBK0/SO0QYZMvTl0iIi3dnp+OXY/RdqBrrGrQT2WigfzbIiHhpcxXdeAHRRtdNVVFpRcZx1b4tW0b/w8GvsDcMDoedw6m2KnTxKkII48YQzGbKdsrlPrAevkhpIN3yYuobciCpWkdXMtD6LzltlOBYMX1XsNQ7zKtnu8p2shbVZQigANLz0psuh9RN43oCyXEfC23UvjVAtz+U2c3l5D9TycQ1RDa5fzwzpvKIbf2mSPZtT5NGnNcm,1
Destroy,1
account,1
http://gummydev.com/regex/,1
NS6,1
'_',1
<h1,1
activity,1
submit,1
invoice,1
$queues['price_check_walmart_queue_atom'],1
producing,1
paying,1
print_r($file);,1
if(@$account->field_ebay_auth_token['und'][0]['value']),1
price_check_get_walmart_item_from_url($ext_url);,1
$node->field_min_sales,1
others,1
$new_sub,1
\$gift_card"\,\,1
http://www.ontrac.com/trackingdetail.asp?tracking=XXXXXXXXXXXXXXXXX,1
\watchdog('walmart:json',\,1
\watchdog("\image:debug"\,\,1
if($node),1
$output[],1
destroys,1
?\d\d\d)?)\b/i,1
<pusic93@gmail.com>,1
{users_roles},1
$ebay_accounts_field[],1
$bool_verified,1
by,1
node_submit($node);,1
fi,1
$q,1
if(@!$customer->subscriptions),1
Account</th><th>Subscription,1
http://wwwapps.ups.com/WebTracking/track?track=yes&trackNums=1ZXXXXXXXXXXXXXXXX,1
\found."\);\,1
($result,1
name='q$nid',1
old,1
$seller,1
\*[@class="\product-labels"\])',\,1
\"\user\,1
?\d\d|91\d\d,1
returns,1
$_SESSION['proc_get_orders_output'][],1
$node->body[$node->language][0]['summary'],1
been,1
0915f944-cd14-48f9-a89c-65e2ee6442ac,1
display,1
1.0,1
javascript,1
\"\<td>$verify_html</td>"\\,1
print_r($token_raw);,1
onclick='return,1
you,1
\$ebay_id,);\,1
test,1
Affiliate,1
\Qty</th><th>Action</th><th>Verified</th><th>Action</th></tr>"\;\,1
\"\<td>$sugg_price</td>"\\,1
stock_count,1
hook,1
$idblock);,1
\"\<tr><td>{$obj->name}</td><td><img\,1
UPS,1
$item->field_subscribers['und'],1
if(!$obj->itemId),1
\reached"\);\,1
desperate,1
maybe,1
http://www.lasership.com/track.php?track_number_input=XXXXXXXXXXXXXXXXX,1
SECTION:,1
being,1
$item->nid);,1
<<<SQL,1
modules,1
\"\{$subscriber['ebay_account']}|{$subscriber['ebay_id']}"\)\,1
\print_r($walmart_items,\,1
if(is_numeric($ebay_item_id)),1
Luka,1
perm,1
'itemId',1
@$obj->modelNumber;,1
$role->rid));,1
select,1
unset($_SESSION['proc_get_orders_output']);,1
report,1
exit();,1
delete,1
its,1
$desc_html,1
Put,1
print_r($form_state);,1
if(!@$obj->salePrice),1
$edit_link,1
\"\<tr><td>$row->title</td><td>$edit_link</td></tr>"\;\,1
cost,1
'price_check_update_ebay_item_submit';,1
\item,\,1
gcs,1
\confirm(\"\Are\,1
\watchdog("\debug:\,1
send,1
batch_process('fix_walmart_items');,1
field_user_access_token_value,1
if(!$path),1
$subscriber['ebay_id'];,1
print_r($node);exit(0);,1
-1,1
fa.field_user_access_token_value,1
\exists,\,1
medium,1
OnTrac,1
&$context),1
\fedex,\,1
\"\auth\,1
World,1
kwesidsgenie,1
$customer->subscriptions->retrieve($account->field_subscription_id['und'][0]['value']);,1
\/"\);\,1
if(!$start_page),1
@link,1
$item['Item']['ConditionID'],1
\print_r(price_check_get_overstock_item_from_url("\http://www.overstock.com/Clothing-Shoes/Out-of-Stock/2936062/product.html"\));\,1
here,1
\"\<td><!--<a\,1
req:,1
\$data,\,1
?d\d\d\d(,1
$content_access_token,1
largest,1
\td[contains(.,"\Out\,1
does,1
\"\<h3>$num_listings\,1
$status,1
$subscription->current_period_end;,1
$item),1
print_r($item['Item']['Variations']);,1
$item_obj,1
\4,\,1
if($seller['sellerName'],1
\rand(0,\,1
\price_check_fix_walmart_item_atom($nid,\,1
$_SESSION['walmart_fix'],1
',1
@$item->title,1
'iphone':,1
'Update,1
foreach($items,1
function(e),1
field_data_field_imported,1
caught,1
\salePrice,\,1
\listings,\,1
5.4,1
$form['#submit'][],1
stuff,1
\"\SELECT\,1
\user,\,1
e.preventDefault();,1
row,1
@$user_full->field_paypal_email['und'][0]['value'];,1
title,1
$edit_link</td><td>$price,1
title=,1
price_check_decode_field($node->field_subscribers['und']);,1
\user_role_load_by_name("\Paying\,1
rather,1
content,1
\drupal_set_message("\Debug:\,1
authcode:,1
\if(substr($name,0,1)\,1
DSGENIE-DSGENIE4f-fe00--dpxizyn,1
token,1
$node->field_mpn['und'][0]['value'],1
type='hidden',1
\'price_check_get_walmart_items_finished',\,1
='';,1
nodes,1
watchdog('amazon,1
follow,1
results,1
http://iccworld.com/track.asp?txtawbno=XXXXXXXXXXXXXXXXX,1
@$account->field_stripe_id['und'][0]['value'];,1
$session_id,1
about,1
drupal_set_message('dbg:1');,1
'amazon'),1
\$seller_ebay_account,\,1
second,1
price_check_create_walmart_queue();,1
\__FILE__,\,1
false;,1
\'price_check_get_walmart_items_atom',\,1
foreach($result,1
\Item',\,1
\strip_tags("\GC"\\,1
$xmlRequest);,1
3),1
\'price_check_process_walmart_queue',\,1
\canceled"\,\,1
validate,1
$user->uid);,1
kwes_stewa,1
'price_check_user_register_form_submit';,1
if($phpobj['analyticsData']['onlineAvail'],1
foreach($users,1
\"\N/A"\;\,1
$obj->name);,1
$ebay_item['Item']['SellingStatus']['QuantitySold'];,1
use,1
Baby,1
\watchdog("\data:req"\,\,1
htmlentities(@$item_template->title);,1
\$req"\\,1
$end_timestamp,1
\sure?\"\)'>remove</a>"\;\,1
\"\<td>$points_link</td>"\\,1
admin,1
foreach($seller_map,1
price_check_get_ebay_item_url($ebay_id),1
\*[@class="\text"\])',\,1
class,1
$node->field_seller_index,1
\str_replace("\\,1
\{"\status"\:200,"\project_id"\:1234567890}\,1
character,1
===,1
\'field_suggested_accounts',\,1
please,1
\desc"\;\,1
\"\</table>"\;\,1
Sep,1
'ebay_id',1
12);,1
sellers,1
$file,1
print_r($order_number);,1
considerations,1
summary';,1
level,1
\Walmart,\,1
$node->field_data['und'][0]['value'],1
\watchdog("\amazon\,1
\drupal_lookup_path('alias',\,1
way..,1
fa,1
$link_code,1
$response,1
$node->field_start_seller_index,1
@$item_template->title;,1
\"\<td>$remove_link</td>"\\,1
watchdog('problem,1
assignment,1
required,1
$subscription_id,1
$customer->$vp['id'];,1
\"\<td>"\\,1
