File,Function,LOC,SLOC-P,SLOC-L,MVG,BLOC,C&SLOC,CLOC,CWORD
C:\dev\dsgenie\price_check\bot.inc,"price_check_bot_run_bot($form, &$form_state)",16,16,15,1,0,0,0,0,
C:\dev\dsgenie\price_check\bot.inc,"price_check_bot_log_message(&$bot, $message)",10,10,9,1,0,0,0,0,
C:\dev\dsgenie\price_check\bot.inc,price_check_bot_queue_atom_1($params),120,117,98,15,1,0,2,7,
C:\dev\dsgenie\price_check\common.inc,price_check_chooseRandomBrowserAndOS(),42,42,14,3,0,0,0,0,
C:\dev\dsgenie\price_check\common.inc,price_check_array_random(array $array),2,2,2,1,0,0,0,0,
C:\dev\dsgenie\price_check\common.inc,price_check_nt_version(),2,2,2,1,0,0,0,0,
C:\dev\dsgenie\price_check\common.inc,price_check_ie_version(),2,2,2,1,0,0,0,0,
C:\dev\dsgenie\price_check\common.inc,price_check_trident_version(),2,2,2,1,0,0,0,0,
C:\dev\dsgenie\price_check\common.inc,price_check_osx_version(),2,2,2,1,0,0,0,0,
C:\dev\dsgenie\price_check\common.inc,price_check_chrome_version(),2,2,2,1,0,0,0,0,
C:\dev\dsgenie\price_check\common.inc,price_check_presto_version(),2,2,2,1,0,0,0,0,
C:\dev\dsgenie\price_check\common.inc,price_check_presto_version2(),2,2,2,1,0,0,0,0,
C:\dev\dsgenie\price_check\common.inc,price_check_firefox($arch),18,18,8,4,0,0,0,0,
C:\dev\dsgenie\price_check\common.inc,price_check_safari($arch),18,16,11,4,0,0,2,41,
C:\dev\dsgenie\price_check\common.inc,price_check_iexplorer($arch),10,10,6,1,0,0,0,0,
C:\dev\dsgenie\price_check\common.inc,price_check_opera($arch),16,16,8,3,0,0,0,0,
C:\dev\dsgenie\price_check\common.inc,price_check_chrome($arch),14,14,9,4,0,0,0,0,
C:\dev\dsgenie\price_check\common.inc,price_check_random_uagent(array $lang=array('en-US')),27,27,19,7,0,0,0,0,
C:\dev\dsgenie\price_check\common.inc,price_check_strip_tags($html),8,8,4,1,0,4,0,16,
C:\dev\dsgenie\price_check\common.inc,price_check_make_table_row($items),8,8,7,1,0,0,0,0,
C:\dev\dsgenie\price_check\common.inc,"price_check_make_link($link, $text, $prompt = false, $prompt_text = ""Are you sure?"")",5,5,5,2,0,0,0,0,
C:\dev\dsgenie\price_check\common.inc,price_check_force_json_array($item),3,3,3,2,0,0,0,0,
C:\dev\dsgenie\price_check\common.inc,"price_check_sql_insert_field($field, $table, $ext)",2,2,2,1,0,0,0,0,
C:\dev\dsgenie\price_check\common.inc,"price_check_sql_select_empty_field($field, $table, $bundle)",2,2,2,1,0,0,0,0,
C:\dev\dsgenie\price_check\common.inc,price_check_get_item_template_from_ebay_id_old($ebay_id),6,6,6,2,0,0,0,0,
C:\dev\dsgenie\price_check\common.inc,price_check_get_item_template_from_ebay_id($ebay_id),11,11,8,2,0,0,0,0,
C:\dev\dsgenie\price_check\common.inc,price_check_get_blacklist($lower = false),17,17,9,2,0,0,0,0,
C:\dev\dsgenie\price_check\common.inc,price_check_revise_ebay_item($item_template),16,16,14,2,0,0,0,0,
C:\dev\dsgenie\price_check\common.inc,price_check_modify_item_ajax(),32,32,16,2,0,0,0,0,
C:\dev\dsgenie\price_check\common.inc,"price_check_modify_item_request($nid, $subscriber, $auth_code, $params, &$context)",11,11,9,1,0,0,0,0,
C:\dev\dsgenie\price_check\common.inc,"price_check_modify_item_finished($success, $results, $operations)",4,4,3,0,0,0,0,0,
C:\dev\dsgenie\price_check\common.inc,price_check_clean_work_item(&$work),4,4,3,1,0,0,0,0,
C:\dev\dsgenie\price_check\common.inc,price_check_translate_errors($error_xml),6,6,5,2,0,0,0,0,
C:\dev\dsgenie\price_check\common.inc,"price_check_update_subscriber_info(&$item, $subscriber, $params)",10,10,8,2,0,0,0,0,
C:\dev\dsgenie\price_check\drupal.api.inc,"price_check_node_validate(&$node, $form, &$form_state)",341,308,252,66,1,0,32,107,
C:\dev\dsgenie\price_check\drupal.api.inc,"price_check_form_alter(&$form, &$form_state, $form_id)",271,264,123,32,1,0,6,34,
C:\dev\dsgenie\price_check\ebay_api.inc,price_check_get_app_name($uid = false),15,14,11,6,1,0,0,0,
C:\dev\dsgenie\price_check\ebay_api.inc,price_check_get_ebay_headers($auth_code = false),67,66,27,12,1,0,0,0,
C:\dev\dsgenie\price_check\ebay_api.inc,price_check_get_runame(),12,11,8,5,1,0,0,0,
C:\dev\dsgenie\price_check\ebay_api.inc,price_check_get_ebay_credentials(),23,22,12,6,1,0,0,0,
C:\dev\dsgenie\price_check\ebay_api.inc,price_check_get_ebay_item_url($item_id),5,5,4,1,0,0,0,0,
C:\dev\dsgenie\price_check\ebay_api.inc,price_check_get_ebay_service_url($service = 'default'),11,11,4,1,0,0,0,0,
C:\dev\dsgenie\price_check\ebay_api.inc,price_check_get_ebay_signin_url($session_id),6,6,5,3,0,0,0,0,
C:\dev\dsgenie\price_check\ebay_api.inc,price_check_get_ebay_auth_token(),4,4,4,1,0,0,0,0,
C:\dev\dsgenie\price_check\ebay_api.inc,price_check_get_ebay_auth_tokens($uid = false),19,19,16,8,0,0,0,0,
C:\dev\dsgenie\price_check\ebay_api.inc,price_check_get_items_by_keywords($keywords),47,40,24,3,4,1,3,16,
C:\dev\dsgenie\price_check\ebay_api.inc,"price_check_get_ebay_item_transactions($ebay_id, $uid = false)",51,45,28,2,4,0,2,12,
C:\dev\dsgenie\price_check\ebay_api.inc,"price_check_get_ebay_seller_items($seller, $page, $uid = false)",64,53,28,3,6,1,5,20,
C:\dev\dsgenie\price_check\ebay_api.inc,"price_check_get_ebay_seller_items_old($seller, $page)",58,50,24,3,4,1,4,18,
C:\dev\dsgenie\price_check\ebay_api.inc,"price_check_set_ebay_tax_table($ebay_id, $value, $auth_code)",43,37,21,2,4,0,2,15,
C:\dev\dsgenie\price_check\ebay_api.inc,price_check_get_ebay_session(),38,32,22,2,4,0,2,12,
C:\dev\dsgenie\price_check\ebay_api.inc,price_check_ebay_token_status($token),39,33,21,2,4,0,2,12,
C:\dev\dsgenie\price_check\ebay_api.inc,price_check_get_ebay_user_id_from_auth_token($auth_code),43,36,21,2,5,0,2,12,
C:\dev\dsgenie\price_check\ebay_api.inc,price_check_get_ebay_item_debug($item_id),34,34,3,0,0,0,0,0,
C:\dev\dsgenie\price_check\ebay_api.inc,price_check_get_ebay_item_name_from_id($item_id),39,33,21,2,4,0,2,12,
C:\dev\dsgenie\price_check\ebay_api.inc,price_check_proc_get_token(),39,33,22,2,4,0,2,12,
C:\dev\dsgenie\price_check\ebay_api.inc,"price_check_cancel_ebay_item($ebay_account, $ebay_id)",44,38,25,2,6,0,0,0,
C:\dev\dsgenie\price_check\ebay_api.inc,price_check_get_category_info($category),46,38,25,2,7,0,1,2,
C:\dev\dsgenie\price_check\ebay_api.inc,"price_check_get_ebay_orders($auth_token, $page = 1)",45,37,21,2,5,0,3,15,
C:\dev\dsgenie\price_check\ebay_api.inc,"price_check_tracking_submit($order_id, $tracking_number, $tracking_service, $auth_code)",50,43,21,2,5,0,2,13,
C:\dev\dsgenie\price_check\ebay_api.inc,"price_check_revise_ebay_item_atom($item_template, $item_id, $auth_code, &$context)",106,99,39,4,4,0,3,14,
C:\dev\dsgenie\price_check\ebay_api.inc,"price_check_update_ebay_item($item_id, $auth_code, $params)",49,43,27,5,4,0,2,11,
C:\dev\dsgenie\price_check\ebay_api.inc,"price_check_ebay_list_item($item_template, $auth_code)",253,192,63,9,44,0,17,60,
C:\dev\dsgenie\price_check\ebay_api.inc,"price_check_ebay_revise_listed_item($item_template, $item_id, $auth_code, $debug = false)",118,113,47,5,4,0,1,5,
C:\dev\dsgenie\price_check\ebay_api.inc,price_check_check_ebay_token_status($token),40,34,22,3,4,0,2,12,
C:\dev\dsgenie\price_check\ebay_api.inc,"price_check_exec_ebay_xml($xmlRequest, $service_url, $headers)",25,20,19,2,3,0,2,12,
C:\dev\dsgenie\price_check\ebay_api.inc,price_check_get_headers($xml_call),5,5,2,1,0,0,0,0,
C:\dev\dsgenie\price_check\ebay_api.inc,price_check_get_paypal_email_new($auth_code),20,19,11,4,1,0,0,0,
C:\dev\dsgenie\price_check\ebay_api.inc,price_check_get_paypal_email($auth_code),55,41,25,5,6,0,8,27,
C:\dev\dsgenie\price_check\ebay_api.inc,price_check_update_user_ebay_item($node),64,60,40,3,4,0,0,0,
C:\dev\dsgenie\price_check\ebay_api.inc,"price_check_get_ebay_item_from_id($item_id, $uid = false)",48,42,26,4,4,0,2,12,
C:\dev\dsgenie\price_check\ebay_api.inc,"price_check_set_ebay_item_price($ebay_id, $revised_price, $auth_code_or_uid)",50,45,28,3,4,0,1,6,
C:\dev\dsgenie\price_check\ebay_api.inc,"price_check_set_ebay_item_quantity($ebay_id, $quantity, $auth_code)",43,38,22,2,4,0,1,6,
C:\dev\dsgenie\price_check\ebay_api.inc,"price_check_ebay_item_update_tax($ebay_id, $auth_code)",44,38,21,2,4,0,2,15,
C:\dev\dsgenie\price_check\ebay_api.inc,price_check_get_ebay_stored_token(),3,3,3,1,0,0,0,0,
C:\dev\dsgenie\price_check\ebay_api.inc,price_check_get_api_usage($auth_code = false),7,7,6,2,0,0,0,0,
C:\dev\dsgenie\price_check\ebay_api.inc,price_check_get_ebay_info($auth_token = false),38,34,22,3,3,0,1,6,
C:\dev\dsgenie\price_check\menu.inc,price_check_menu(),454,453,75,1,1,0,0,0,
C:\dev\dsgenie\price_check\pages.dev.inc,price_check_ebay_info(),3,3,3,0,0,0,0,0,
C:\dev\dsgenie\price_check\pages.dev.inc,price_check_edit_ebay_item($ebay_id),51,40,34,6,0,0,11,33,
C:\dev\dsgenie\price_check\pages.dev.inc,price_check_listing_report(),33,33,21,3,0,0,0,0,
C:\dev\dsgenie\price_check\pages.dev.inc,price_check_work_report(),35,35,21,3,0,0,0,0,
C:\dev\dsgenie\price_check\pages.dev.inc,price_check_review_listings(),18,18,9,1,0,0,0,0,
C:\dev\dsgenie\price_check\pages.dev.inc,price_check_my_bot(),35,25,24,1,0,1,10,15,
C:\dev\dsgenie\price_check\pages.dev.inc,price_check_query_role_join_alter(QueryAlterableInterface $query),3,3,3,0,0,0,0,0,
C:\dev\dsgenie\price_check\pages.dev.inc,price_check_customers_devel(),88,86,42,7,1,0,1,3,
C:\dev\dsgenie\price_check\pages.dev.inc,price_check_auto_work(),47,41,25,4,3,0,3,10,
C:\dev\dsgenie\price_check\pages.dev.inc,"price_check_get_seller_items_multiple_form_a($form, &$form_state)",59,59,29,5,0,0,0,0,
C:\dev\dsgenie\price_check\pages.dev.inc,"price_check_get_seller_items_multiple_form_submit_a($form, &$form_state)",29,29,15,2,0,0,0,0,
C:\dev\dsgenie\price_check\pages.dev.inc,"price_check_batch_add_seller_items_multiple_request_a($seller, $page, $min_sales, $min_price, &$context)",11,11,10,4,0,0,0,0,
C:\dev\dsgenie\price_check\pages.dev.inc,"price_check_seller_items_multiple_finished_a($success, $results, $operations)",19,19,8,0,0,0,0,0,
C:\dev\dsgenie\price_check\pages.dev.inc,"price_check_seller_items_search_multiple_finished_a($success, $results, $operations)",18,18,14,2,0,0,0,0,
C:\dev\dsgenie\price_check\pages.dev.inc,price_check_fix_ebay_images(),30,28,14,2,0,0,2,13,
C:\dev\dsgenie\price_check\pages.dev.inc,"price_check_fix_ebay_images_atom($nid, &$context)",40,39,32,6,1,0,0,0,
C:\dev\dsgenie\price_check\pages.dev.inc,price_check_fix_ebay_images_finished(),2,2,2,0,0,0,0,0,
C:\dev\dsgenie\price_check\pages.inc,"price_check_ebay_api_info($form, &$form_state)",41,41,8,1,0,0,0,0,
C:\dev\dsgenie\price_check\pages.inc,"price_check_ebay_api_info_submit($form, &$form_state)",17,16,16,0,1,0,0,0,
C:\dev\dsgenie\price_check\pages.inc,"price_check_swap_ebay_item($nid, $ebay_account)",28,27,19,5,0,0,1,9,
C:\dev\dsgenie\price_check\pages.inc,"price_check_list_ebay_item($nid, $ebay_account)",18,18,16,5,0,0,0,0,
C:\dev\dsgenie\price_check\pages.inc,"price_check_get_seller_items_form($form, &$form_state)",52,52,28,5,0,0,0,0,
C:\dev\dsgenie\price_check\pages.inc,"price_check_get_seller_items_form_submit($form, &$form_state)",38,36,21,4,0,0,2,6,
C:\dev\dsgenie\price_check\pages.inc,"price_check_batch_add_seller_items_request($seller, $page, $min_sales, &$context)",8,8,7,1,0,0,0,0,
C:\dev\dsgenie\price_check\pages.inc,"price_check_seller_items_finished($success, $results, $operations)",21,20,9,0,1,0,0,0,
C:\dev\dsgenie\price_check\pages.inc,"price_check_seller_items_search_finished($success, $results, $operations)",18,18,14,2,0,0,0,0,
C:\dev\dsgenie\price_check\pages.inc,"price_check_assign_work($worker, $partition)",6,5,4,0,0,0,1,3,
C:\dev\dsgenie\price_check\pages.inc,price_check_get_active_workers(),8,8,7,1,0,0,0,0,
C:\dev\dsgenie\price_check\pages.inc,"price_check_partition($list, $p)",12,12,11,2,0,0,0,0,
C:\dev\dsgenie\price_check\pages.inc,"price_check_batch_get_seller_items_details_atom($item, &$context)",49,48,34,5,0,1,1,8,
C:\dev\dsgenie\price_check\pages.inc,"price_check_get_seller_items_multiple_form($form, &$form_state)",59,59,29,5,0,0,0,0,
C:\dev\dsgenie\price_check\pages.inc,"price_check_get_seller_items_multiple_form_submit($form, &$form_state)",34,34,16,2,0,0,0,0,
C:\dev\dsgenie\price_check\pages.inc,"price_check_get_seller_items_multiple_form_validate($form, &$form_state)",9,9,8,1,0,0,0,0,
C:\dev\dsgenie\price_check\pages.inc,"price_check_batch_add_seller_items_multiple_request($seller, $page, $min_sales, $min_price, &$context)",17,17,15,4,0,0,0,0,
C:\dev\dsgenie\price_check\pages.inc,"price_check_seller_items_multiple_finished($success, $results, $operations)",19,19,8,0,0,0,0,0,
C:\dev\dsgenie\price_check\pages.inc,"price_check_seller_items_search_multiple_finished($success, $results, $operations)",18,18,14,2,0,0,0,0,
C:\dev\dsgenie\price_check\pages.inc,"price_check_get_orders_form($form, &$form_state)",44,42,22,7,0,0,2,4,
C:\dev\dsgenie\price_check\pages.inc,"price_check_get_orders_form_submit($form, &$form_state)",19,19,10,2,0,0,0,0,
C:\dev\dsgenie\price_check\pages.inc,"price_check_save_node_orders($auth_token, &$context)",17,16,11,2,0,0,1,7,
C:\dev\dsgenie\price_check\pages.inc,"price_check_save_node_orders_finished($success, $results, $operations)",3,2,2,0,0,0,1,2,
C:\dev\dsgenie\price_check\pages.inc,"price_check_save_node_orders_atom($auth_token, $page, &$context)",37,37,16,2,0,1,0,1,
C:\dev\dsgenie\price_check\pages.inc,"price_check_save_node_orders_atom_finished($success, $results, $operations)",2,2,2,0,0,0,0,0,
C:\dev\dsgenie\price_check\pages.inc,price_check_customers(),88,86,42,7,1,0,1,3,
C:\dev\dsgenie\price_check\pages.inc,price_check_ebay_listings(),104,100,45,10,4,0,0,0,
C:\dev\dsgenie\price_check\pages.inc,"price_check_search_title_form($form, &$form_state)",20,20,7,2,0,0,0,0,
C:\dev\dsgenie\price_check\pages.inc,"price_check_search_title_form_submit($form, &$form_state)",14,14,12,3,0,0,0,0,
C:\dev\dsgenie\price_check\pages.inc,"price_check_ebay_listings_user_report($success = 'not started', $results = array(), $operations = array())",19,18,11,0,1,0,0,0,
C:\dev\dsgenie\price_check\pages.inc,"price_check_ebay_listings_user_report_atom($record, &$context)",37,34,26,5,1,0,2,5,
C:\dev\dsgenie\price_check\pages.inc,"price_check_ebay_listings_user_report_finished($success, $results, $operations)",10,10,8,1,0,0,0,0,
C:\dev\dsgenie\price_check\pages.inc,price_check_ebay_listings_user_report_complete(),2,2,2,1,0,0,0,0,
C:\dev\dsgenie\price_check\pages.inc,price_check_seller_work($seller),46,44,26,4,1,0,1,3,
C:\dev\dsgenie\price_check\pages.inc,price_check_my_research(),50,49,29,3,1,0,0,0,
C:\dev\dsgenie\price_check\pages.inc,"price_check_ebay_listings_user_report_a($success = 'not started', $results = array(), $operations = array())",27,27,12,0,0,0,0,0,
C:\dev\dsgenie\price_check\pages.inc,"price_check_ebay_listings_user_report_atom_a($record, &$context)",37,35,27,5,1,0,1,3,
C:\dev\dsgenie\price_check\pages.inc,"price_check_ebay_listings_user_report_finished_a($success, $results, $operations)",10,10,8,1,0,0,0,0,
C:\dev\dsgenie\price_check\price_check.js,openWithoutReferrer(url),5,5,5,0,0,0,0,0,
C:\dev\dsgenie\price_check\price_check.module,price_check_item_hook(),15,15,10,1,0,0,0,0,
C:\dev\dsgenie\price_check\price_check.module,price_check_cron(),34,30,14,0,0,0,4,12,
C:\dev\dsgenie\price_check\price_check.module,price_check_soft_blacklist($seller),12,10,10,1,0,0,2,4,
C:\dev\dsgenie\price_check\price_check.module,price_check_delete_seller($seller),35,35,19,1,0,0,0,0,
C:\dev\dsgenie\price_check\price_check.module,"price_check_lookup_amazon_form($form, &$form_state)",21,21,7,2,0,0,0,0,
C:\dev\dsgenie\price_check\price_check.module,price_check_get_amazon_asin_from_url($url),9,9,7,3,0,1,0,1,
C:\dev\dsgenie\price_check\price_check.module,price_check_get_amazon_best_offer($offers),18,18,12,6,0,0,0,0,
C:\dev\dsgenie\price_check\price_check.module,"price_check_lookup_amazon_form_submit(&$form, &$form_state)",104,97,74,13,2,0,5,25,
C:\dev\dsgenie\price_check\price_check.module,price_check_get_amazon_item_from_asin($asin),8,8,3,1,0,0,0,0,
C:\dev\dsgenie\price_check\price_check.module,price_check_get_page($url),10,10,10,1,0,0,0,0,
C:\dev\dsgenie\price_check\price_check.module,price_check_aws_signed_request($params),42,33,31,3,8,2,1,9,
C:\dev\dsgenie\price_check\price_check.module,price_check_get_workers(),18,18,7,1,0,0,0,0,
C:\dev\dsgenie\price_check\price_check.module,"price_check_transfer_work_form($form, &$form_state)",30,30,9,2,0,0,0,0,
C:\dev\dsgenie\price_check\price_check.module,"price_check_transfer_work_form_submit($form, &$form_state)",20,20,10,0,0,0,0,0,
C:\dev\dsgenie\price_check\price_check.module,"price_check_worker_report_form($form, &$form_state)",27,27,8,2,0,0,0,0,
C:\dev\dsgenie\price_check\price_check.module,price_check_get_worker_report_24h($uid),17,15,8,2,0,0,2,12,
C:\dev\dsgenie\price_check\price_check.module,"price_check_worker_report_form_submit($form, &$form_state)",25,24,16,0,0,0,1,2,
C:\dev\dsgenie\price_check\price_check.module,price_check_fix_affiliate_links(),25,25,12,2,0,0,0,0,
C:\dev\dsgenie\price_check\price_check.module,"price_check_fix_affiliate_links_atom($uid, &$context)",9,8,7,1,0,0,1,1,
C:\dev\dsgenie\price_check\price_check.module,"price_check_fix_affiliate_links_finished($success, $results, $operations)",2,2,2,0,0,0,0,0,
C:\dev\dsgenie\price_check\price_check.module,price_check_card_marketplace(),61,56,44,3,1,5,4,60,
C:\dev\dsgenie\price_check\price_check.module,"price_check_give_listings($uid, $listings, $summary = false)",27,27,17,3,0,0,0,0,
C:\dev\dsgenie\price_check\price_check.module,"price_check_give_user_listing($account, $nid)",6,6,6,0,0,0,0,0,
C:\dev\dsgenie\price_check\price_check.module,price_check_is_paying_customer($uid = false),8,8,7,3,0,0,0,0,
C:\dev\dsgenie\price_check\price_check.module,price_check_debug_ebay_listings($id),9,9,7,1,0,0,0,0,
C:\dev\dsgenie\price_check\price_check.module,price_check_is_debug(),2,2,2,1,0,0,0,0,
C:\dev\dsgenie\price_check\price_check.module,price_check_permission(),33,33,2,1,0,0,0,0,
C:\dev\dsgenie\price_check\price_check.module,price_check_paypal_ipn(),2,2,2,0,0,0,0,0,
C:\dev\dsgenie\price_check\price_check.module,price_check_block_info(),9,8,3,1,1,0,0,0,
C:\dev\dsgenie\price_check\price_check.module,price_check_call_stripe(),3,3,3,0,0,0,0,0,
C:\dev\dsgenie\price_check\price_check.module,price_check_get_stripe_public_key(),2,2,2,1,0,0,0,0,
C:\dev\dsgenie\price_check\price_check.module,price_check_call_stripe_test(),3,3,3,0,0,0,0,0,
C:\dev\dsgenie\price_check\price_check.module,price_check_get_stripe_public_key_test(),2,2,2,1,0,0,0,0,
C:\dev\dsgenie\price_check\price_check.module,price_check_get_stripe_button(),14,14,4,1,0,0,0,0,
C:\dev\dsgenie\price_check\price_check.module,price_check_build_subscription(),33,30,24,8,0,0,3,11,
C:\dev\dsgenie\price_check\price_check.module,price_check_block_view($delta = ''),9,8,6,3,0,0,1,10,
C:\dev\dsgenie\price_check\price_check.module,price_check_bcm_stripe(),26,25,17,2,0,0,1,7,
C:\dev\dsgenie\price_check\price_check.module,price_check_go_bcm_success_url($stripe_id),4,4,4,0,0,0,0,0,
C:\dev\dsgenie\price_check\price_check.module,price_check_go_bcm_fail_url($stripe_id),5,4,4,0,1,0,0,0,
C:\dev\dsgenie\price_check\price_check.module,price_check_stripe_hook(),7,6,6,0,0,0,1,6,
C:\dev\dsgenie\price_check\price_check.module,price_check_payment_processor(),51,48,30,5,0,0,3,9,
C:\dev\dsgenie\price_check\price_check.module,price_check_view_invoice($nid),61,60,41,7,0,0,1,5,
C:\dev\dsgenie\price_check\price_check.module,price_check_dismiss_notification($nid),20,20,15,2,0,0,0,0,
C:\dev\dsgenie\price_check\price_check.module,price_check_item_search_results(),21,21,9,0,0,0,0,0,
C:\dev\dsgenie\price_check\price_check.module,"price_check_get_image_result($nid, &$context_array)",49,49,30,4,0,0,0,0,
C:\dev\dsgenie\price_check\price_check.module,"price_check_get_image_result_finished($success, $results, $operations)",2,2,2,0,0,0,0,0,
C:\dev\dsgenie\price_check\price_check.module,"price_check_sort_image_results($a, $b)",5,5,4,3,0,0,0,0,
C:\dev\dsgenie\price_check\price_check.module,price_check_fix_items(),21,21,10,0,0,0,0,0,
C:\dev\dsgenie\price_check\price_check.module,"price_check_fix_items_atom($nid, &$context)",9,9,9,1,0,0,0,0,
C:\dev\dsgenie\price_check\price_check.module,"price_check_fix_items_finished($success, $results, $operations)",2,2,2,0,0,0,0,0,
C:\dev\dsgenie\price_check\price_check.module,"price_check_get_ebay_item_from_url($ebay_url, $uid = false)",6,6,6,1,0,0,0,0,
C:\dev\dsgenie\price_check\price_check.module,"price_check_seller_sources_finished($success, $results, $operations)",2,2,2,0,0,0,0,0,
C:\dev\dsgenie\price_check\price_check.module,price_check_get_image_search_request(),9,9,9,1,0,0,0,0,
C:\dev\dsgenie\price_check\price_check.module,price_check_image_search($images),15,15,7,1,0,0,0,0,
C:\dev\dsgenie\price_check\price_check.module,"price_check_batch_get_seller_items_sources_atom($item, $response, &$context_batch)",29,27,16,3,0,0,2,3,
C:\dev\dsgenie\price_check\price_check.module,"price_check_update_item_template_node($node, $description, $images, $price)",16,14,12,1,0,0,2,8,
C:\dev\dsgenie\price_check\price_check.module,price_check_get_ebay_item_from_url_internal($ebay_url),7,7,6,2,0,0,0,0,
C:\dev\dsgenie\price_check\price_check.module,"price_check_get_item_sales_30($item, $uid = false)",18,18,13,8,0,0,0,0,
C:\dev\dsgenie\price_check\price_check.module,"price_check_save_item_template_node($ebay_url, $title, $description, $images, $response, $price, $condition, $category, $seller, $quantity_sold, $uid = false)",32,32,30,2,0,6,0,42,
C:\dev\dsgenie\price_check\price_check.module,price_check_terapeak_test_2(),5,5,5,0,0,0,0,0,
C:\dev\dsgenie\price_check\price_check.module,price_check_get_ebay_seller_item_details(),1,1,1,0,0,0,0,0,
C:\dev\dsgenie\price_check\price_check.module,price_check_debug_batch_revise(),24,23,14,0,1,0,0,0,
C:\dev\dsgenie\price_check\price_check.module,"price_check_revise_ebay_item_finished($success, $results, $operations)",17,17,8,2,0,0,0,0,
C:\dev\dsgenie\price_check\price_check.module,price_check_debug_batch(),18,18,8,0,0,1,0,2,
C:\dev\dsgenie\price_check\price_check.module,"price_check_resize_image_atom($uri, &$context)",27,27,24,3,0,0,0,0,
C:\dev\dsgenie\price_check\price_check.module,"price_check_resize_image_finished($success, $results, $operations)",16,16,7,2,0,0,0,0,
C:\dev\dsgenie\price_check\price_check.module,price_check_my_signups(),46,46,36,10,0,0,0,0,
C:\dev\dsgenie\price_check\price_check.module,"price_check_add_work_item(&$work, $key, $val)",4,4,4,0,0,0,0,0,
C:\dev\dsgenie\price_check\price_check.module,price_check_translate_modify_params($params),6,6,5,3,0,0,0,0,
C:\dev\dsgenie\price_check\price_check.module,price_check_build_sql_accounts($ebay_accounts),11,11,10,2,0,0,0,0,
C:\dev\dsgenie\price_check\price_check.module,"price_check_remove_item($nid, $ebay_id)",28,27,22,4,0,0,1,3,
C:\dev\dsgenie\price_check\price_check.module,price_check_ebay_listings_report(),15,15,8,1,0,0,0,0,
C:\dev\dsgenie\price_check\price_check.module,price_check_get_ebay_auth_code($target_ebay_account),7,7,6,2,0,0,0,0,
C:\dev\dsgenie\price_check\price_check.module,"price_check_add_subscriber(&$item_template, $subscriber_info)",2,2,2,0,0,0,0,0,
C:\dev\dsgenie\price_check\price_check.module,"price_check_remove_suggested_account(&$item_template, $ebay_account)",6,6,5,1,0,0,0,0,
C:\dev\dsgenie\price_check\price_check.module,price_check_translate_xml_errors($error_xml),12,12,8,2,0,0,0,0,
C:\dev\dsgenie\price_check\price_check.module,price_check_get_user_location(),4,4,3,1,0,0,0,0,
C:\dev\dsgenie\price_check\price_check.module,price_check_html_convert_entities($string),3,3,2,1,0,0,0,0,
C:\dev\dsgenie\price_check\price_check.module,price_check_convert_entity($matches),257,255,3,1,1,0,1,5,
C:\dev\dsgenie\price_check\price_check.module,"price_check_write_watchdog($subject, $message)",2,2,2,0,0,0,0,0,
C:\dev\dsgenie\price_check\price_check.module,price_check_get_brand_xml_from_item_template($item_template),28,27,15,6,0,0,1,2,
C:\dev\dsgenie\price_check\price_check.module,price_check_ebay_account_status(),36,33,28,4,1,0,2,3,
C:\dev\dsgenie\price_check\price_check.module,price_check_get_ebay_account_names_uid($uid),8,8,7,1,0,0,0,0,
C:\dev\dsgenie\price_check\price_check.module,price_check_get_ebay_account_names(),8,8,7,1,0,0,0,0,
C:\dev\dsgenie\price_check\price_check.module,"price_check_decode_field($field_data, $skip_blanks = false)",10,10,8,4,0,0,0,0,
C:\dev\dsgenie\price_check\price_check.module,price_check_decode_picture_field($field_data),15,15,13,4,0,0,0,0,
C:\dev\dsgenie\price_check\price_check.module,"price_check_get_suggested_account($item_template, $ebay_accounts)",6,6,5,2,0,0,0,0,
C:\dev\dsgenie\price_check\price_check.module,"price_check_get_ebay_item_id_from_account($item_template, $ebay_accounts)",8,8,7,2,0,0,0,0,
C:\dev\dsgenie\price_check\price_check.module,price_check_suggested_items(),36,34,25,4,0,0,2,8,
C:\dev\dsgenie\price_check\price_check.module,price_check_activity(),31,31,26,3,0,0,0,0,
C:\dev\dsgenie\price_check\price_check.module,price_check_user_is_worker(),4,4,4,2,0,0,0,0,
C:\dev\dsgenie\price_check\price_check.module,price_check_alerts(),20,18,12,1,2,0,0,0,
C:\dev\dsgenie\price_check\price_check.module,price_check_user_dashboard(),25,19,7,5,3,0,3,5,
C:\dev\dsgenie\price_check\price_check.module,price_check_affiliate_link(),4,4,4,2,0,0,0,0,
C:\dev\dsgenie\price_check\price_check.module,price_check_worker_dashboard(),52,51,29,3,1,0,0,0,
C:\dev\dsgenie\price_check\price_check.module,"price_check_tracking_update_form($form, &$form_state)",21,21,7,2,0,0,0,0,
C:\dev\dsgenie\price_check\price_check.module,"price_check_get_tracking_object($order, $order_header)",7,7,6,1,0,0,0,0,
C:\dev\dsgenie\price_check\price_check.module,"price_check_tracking_update_form_submit(&$form, &$form_state)",26,26,23,4,0,0,0,0,
C:\dev\dsgenie\price_check\price_check.module,"price_check_lookup_form_debug($form, &$form_state)",21,21,7,2,0,0,0,0,
C:\dev\dsgenie\price_check\price_check.module,"price_check_lookup_form_debug_submit(&$form, &$form_state)",4,4,4,0,0,0,0,0,
C:\dev\dsgenie\price_check\price_check.module,"price_check_lookup_form_new($form, &$form_state)",21,21,7,2,0,0,0,0,
C:\dev\dsgenie\price_check\price_check.module,"price_check_profit_form($form, &$form_state)",39,39,16,2,0,0,0,0,
C:\dev\dsgenie\price_check\price_check.module,"price_check_profit_form_submit(&$form, &$form_state)",43,40,25,2,3,0,0,0,
C:\dev\dsgenie\price_check\price_check.module,price_check_get_item_object_from_url($url),13,13,6,2,0,0,0,0,
C:\dev\dsgenie\price_check\price_check.module,price_check_get_wayfair_item_from_url($url),20,19,16,2,0,2,1,14,
C:\dev\dsgenie\price_check\price_check.module,price_check_get_academy_item_from_url($url),24,22,16,2,2,4,0,7,
C:\dev\dsgenie\price_check\price_check.module,price_check_get_overstock_item_from_url($url),20,20,15,2,0,3,0,5,
C:\dev\dsgenie\price_check\price_check.module,price_check_get_target_item_from_url($url),18,18,15,2,0,3,0,5,
C:\dev\dsgenie\price_check\price_check.module,price_check_get_amazon_item_from_url($url),81,72,58,16,3,2,6,27,
C:\dev\dsgenie\price_check\price_check.module,price_check_get_walmart_item_from_url($url),12,12,10,5,0,0,0,0,
C:\dev\dsgenie\price_check\price_check.module,price_check_get_data($url),30,29,29,1,1,0,0,0,
C:\dev\dsgenie\price_check\price_check.module,price_check_get_walmart_item_from_url_new($url),32,32,27,6,0,0,0,0,
C:\dev\dsgenie\price_check\price_check.module,price_check_walmart_row($obj),8,8,6,1,0,0,0,0,
C:\dev\dsgenie\price_check\price_check.module,"price_check_lookup_form_new_submit(&$form, &$form_state)",94,26,23,1,0,0,68,169,
C:\dev\dsgenie\price_check\price_check.module,"price_check_lookup_form_new_submit_old(&$form, &$form_state)",44,42,30,4,1,0,1,5,
C:\dev\dsgenie\price_check\price_check.module,"price_check_get_walmart_items_atom($sku, &$context)",13,13,12,1,0,0,0,0,
C:\dev\dsgenie\price_check\price_check.module,"price_check_get_walmart_items_finished($success, $results, $operations)",2,2,2,0,0,0,0,0,
C:\dev\dsgenie\price_check\price_check.module,"price_check_lookup_form($form, &$form_state)",21,21,7,2,0,0,0,0,
C:\dev\dsgenie\price_check\price_check.module,"price_check_lookup_form_submit(&$form, &$form_state)",38,35,31,4,1,0,2,6,
C:\dev\dsgenie\price_check\price_check.module,price_check_get_walmart_attributes($obj),5,5,5,2,0,0,0,0,
C:\dev\dsgenie\price_check\price_check.module,"price_check_form_ebay_item_node_form_alter(&$form, &$form_state, $form_id)",2,2,2,0,0,0,0,0,
C:\dev\dsgenie\price_check\price_check.module,"price_check_update_ebay_item_submit($form, &$form_state)",5,3,2,1,0,0,2,3,
C:\dev\dsgenie\price_check\price_check.module,"price_check_ebay_item_node_submit($form, &$form_state)",3,3,3,0,0,0,0,0,
C:\dev\dsgenie\price_check\price_check.module,price_check_get_brand_xml_from_ebay_item($item_template),24,23,11,4,0,0,1,2,
C:\dev\dsgenie\price_check\price_check.module,"price_check_form_item_node_form_alter(&$form, &$form_state, $form_id)",14,13,12,2,0,0,1,3,
C:\dev\dsgenie\price_check\price_check.module,"price_check_item_node_submit($form, &$form_state)",2,2,2,0,0,0,0,0,
C:\dev\dsgenie\price_check\price_check.module,"price_check_set_form_value(&$form, $field, $values, &$form_state, $i = 0)",7,7,6,1,0,0,0,0,
C:\dev\dsgenie\price_check\price_check.module,price_check_save_ebay_picture($picture),26,24,21,4,0,0,2,7,
C:\dev\dsgenie\price_check\price_check.module,price_check_get_uid_from_ebay_account($ebay_account),4,4,4,1,0,0,0,0,
C:\dev\dsgenie\price_check\price_check.module,price_check_count_images($form_state),20,17,12,5,0,0,3,8,
C:\dev\dsgenie\price_check\price_check.module,"price_check_email($node, $item, $message, $email)",4,3,3,0,0,0,1,8,
C:\dev\dsgenie\price_check\price_check.module,price_check_get_user_email($node),14,3,3,1,1,0,10,43,
C:\dev\dsgenie\price_check\price_check.module,"price_check_update_item($node, $item, $message)",13,13,11,2,0,0,0,0,
C:\dev\dsgenie\price_check\price_check.module,price_check_touch_item(&$node),2,2,2,0,0,0,0,0,
C:\dev\dsgenie\price_check\price_check.module,price_check_get_subscriber_from_string($raw_subscriber),5,5,3,1,0,0,0,0,
C:\dev\dsgenie\price_check\price_check.module,price_check_get_ebay_subscribers($item_template),11,11,8,2,0,0,0,0,
C:\dev\dsgenie\price_check\price_check.module,price_check_get_ebay_auth_code_admin($target_ebay_account),14,14,11,2,0,0,0,0,
C:\dev\dsgenie\price_check\price_check.module,"price_check_notify_user($ebay_account, $nid, $message)",17,17,17,0,0,6,0,42,
C:\dev\dsgenie\price_check\price_check.module,price_check_ebay_item_oos(&$item_template),15,15,13,1,0,0,0,0,
C:\dev\dsgenie\price_check\price_check.module,price_check_ebay_item_instock(&$item_template),15,15,13,1,0,0,0,0,
C:\dev\dsgenie\price_check\price_check.module,"price_check_ebay_item_price_change(&$item_template, $old_price, $new_price)",24,24,21,6,0,0,0,0,
C:\dev\dsgenie\price_check\price_check.module,price_check_ebay_item_update($item_template),12,12,10,1,0,0,0,0,
C:\dev\dsgenie\price_check\price_check.module,price_check_debug_update(),23,14,10,0,0,0,9,10,
C:\dev\dsgenie\price_check\price_check.module,price_check_get_walmart_item_id_from_url($url),5,5,5,1,0,0,0,0,
C:\dev\dsgenie\price_check\price_check.module,"price_check_add_cron_work_item($row, &$work)",4,3,3,0,0,0,1,6,
C:\dev\dsgenie\price_check\price_check.module,price_check_cron_queue_info(),34,26,8,1,0,0,8,22,
C:\dev\dsgenie\price_check\price_check.module,price_check_encode_field($data),5,5,5,1,0,0,0,0,
C:\dev\dsgenie\price_check\price_check.module,price_check_assign_work_queue_atom($item),4,4,4,0,0,0,0,0,
C:\dev\dsgenie\price_check\price_check.module,"price_check_check_update($item, $obj)",77,71,61,13,0,0,6,34,
C:\dev\dsgenie\price_check\price_check.module,price_check_get_price_with_shipping($item_object),3,3,3,2,0,0,0,0,
C:\dev\dsgenie\price_check\price_check.module,price_check_process_walmart_queue_atom($item),5,4,4,0,0,0,1,3,
C:\dev\dsgenie\price_check\price_check.module,price_check_process_delete_queue($item),2,2,2,0,0,0,0,0,
C:\dev\dsgenie\price_check\price_check.module,price_check_process_walmart_queue($item),27,24,13,1,0,0,3,17,
C:\dev\dsgenie\price_check\price_check.module,price_check_process_general_queue($item),6,5,5,0,0,0,1,5,
C:\dev\dsgenie\price_check\price_check.module,price_check_build_item_id_string($work),7,7,6,1,0,0,0,0,
C:\dev\dsgenie\price_check\price_check.module,price_check_create_walmart_queue(),27,25,11,0,0,0,2,6,
C:\dev\dsgenie\price_check\price_check.module,"price_check_mail($key, &$message, $params)",50,47,40,7,0,0,3,18,
C:\dev\dsgenie\price_check\price_check.module,"price_check_form_user_register_form_alter(&$form, &$form_state, $form_id)",14,13,11,2,0,0,1,3,
C:\dev\dsgenie\price_check\price_check.module,price_check_make_image($image),2,2,2,1,0,0,0,0,
C:\dev\dsgenie\price_check\price_check.module,"price_check_form_show_fields(&$form, $all_fields, $show_fields)",4,4,3,1,0,0,0,0,
C:\dev\dsgenie\price_check\price_check.module,"price_check_form_order_node_form_alter(&$form, &$form_state, $form_id)",26,25,8,1,0,0,1,3,
C:\dev\dsgenie\price_check\price_check.module,price_check_get_current_user(),3,3,3,1,0,0,0,0,
C:\dev\dsgenie\price_check\price_check.module,price_check_prepare_invoice_message($node),8,8,3,1,0,0,0,0,
C:\dev\dsgenie\price_check\price_check.module,price_check_node_insert($node),9,9,8,1,0,0,0,0,
C:\dev\dsgenie\price_check\price_check.module,price_check_node_update($node),46,37,26,8,0,0,9,29,
C:\dev\dsgenie\price_check\price_check.module,price_check_get_gift_cards($node),7,7,5,2,0,0,0,0,
C:\dev\dsgenie\price_check\price_check.module,price_check_get_gift_card($gift_card),9,8,8,2,0,0,1,7,
C:\dev\dsgenie\price_check\price_check.module,"price_check_gift_card_create($card_number, $gc_lock)",25,22,22,0,2,6,1,44,
C:\dev\dsgenie\price_check\price_check.module,"price_check_use_gift_card($gift_card, &$balance, $node)",44,31,28,3,2,0,11,55,
C:\dev\dsgenie\price_check\price_check.module,price_check_reverse_gift_card($gift_card),12,12,11,2,0,0,0,0,
C:\dev\dsgenie\price_check\price_check.module,"price_check_activity_stamp($record_number, $ebay_account, $amount)",5,5,3,1,0,0,0,0,
C:\dev\dsgenie\price_check\price_check.module,price_check_unlock_gift_card($gift_card),5,5,5,1,0,0,0,0,
C:\dev\dsgenie\price_check\price_check.module,"price_check_gift_card_query($form, &$form_state)",22,22,7,2,0,0,0,0,
C:\dev\dsgenie\price_check\price_check.module,"price_check_gift_card_fetch($balance, $gift_cards)",50,44,22,8,4,2,2,10,
C:\dev\dsgenie\price_check\price_check.module,"price_check_gift_card_query_submit(&$form, &$form_state)",23,21,18,2,1,0,1,2,
C:\dev\dsgenie\price_check\price_check.module,price_check_get_item_name_from_ebayid($ebay_id),6,6,6,2,0,0,0,0,
C:\dev\dsgenie\price_check\price_check.module,"price_check_update_tax_table($ebay_id, $auth_code)",7,7,5,2,0,0,0,0,
C:\dev\dsgenie\price_check\price_check.module,price_check_user_set_tax_table(),8,8,8,3,0,0,0,0,
C:\dev\dsgenie\price_check\price_check.module,price_check_get_timer(),5,5,5,2,0,0,0,0,
C:\dev\dsgenie\price_check\price_check.module,price_check_check_amazon_links_atom($nid),11,11,10,2,0,0,0,0,
C:\dev\dsgenie\price_check\price_check.module,price_check_fix_amazon_links_finished(),2,2,2,0,0,0,0,0,
C:\dev\dsgenie\price_check\price_check.module,"price_check_node_access($node, $op, $account)",8,8,7,4,0,0,0,0,
C:\dev\dsgenie\price_check\price_check.module,price_check_node_presave($node),7,7,6,2,0,0,0,0,
C:\dev\dsgenie\price_check\price_check.module,price_check_get_user_content_access_token(),4,4,4,1,0,0,0,0,
C:\dev\dsgenie\price_check\price_check.module,"price_check_user_insert(&$edit, $account, $category)",23,18,18,0,3,4,2,50,
C:\dev\dsgenie\price_check\price_check.module,"price_check_save_ebay_auth_code($user_id, $auth_code)",22,22,16,6,0,0,0,0,
C:\dev\dsgenie\price_check\price_check.module,price_check_unset_ebay_auth_token($token),10,10,9,1,0,0,0,0,
C:\dev\dsgenie\price_check\price_check.module,price_check_proc_authorize(),61,47,41,12,0,0,14,77,
C:\dev\dsgenie\price_check\price_check.module,price_check_get_item_name($item_id),34,32,24,9,0,0,2,14,
C:\dev\dsgenie\price_check\price_check.module,price_check_fetch_page_proxy($page),26,23,22,2,3,0,0,0,
C:\dev\dsgenie\price_check\price_check.module,"price_check_find_order($ebay_account, $order_number)",4,4,4,0,0,0,0,0,
C:\dev\dsgenie\price_check\price_check.module,price_check_save_node_order($order),37,36,34,2,1,6,0,42,
C:\dev\dsgenie\price_check\price_check.module,"price_check_check_new_orders($orders, $ebay_account)",8,8,7,1,0,0,0,0,
C:\dev\dsgenie\price_check\price_check.module,price_check_save_new_orders($order_list),10,9,7,2,0,0,1,2,
C:\dev\dsgenie\price_check\price_check.module,price_check_get_item_link($item_number),17,17,16,4,0,0,0,0,
C:\dev\dsgenie\price_check\price_check.module,"price_check_get_item_link_html($store_image, $store_url)",4,4,4,1,0,0,0,0,
C:\dev\dsgenie\price_check\price_check.module,price_check_fix_orphaned_fields(),18,18,14,1,0,0,0,0,
C:\dev\dsgenie\price_check\price_check.module,price_check_tracking_tests(),2,1,1,0,0,0,1,3,
C:\dev\dsgenie\price_check\price_check.module,price_check_tracking_is_UPS($code),5,5,5,2,0,0,0,0,
C:\dev\dsgenie\price_check\price_check.module,price_check_tracking_is_USPS($code),5,5,5,2,0,0,0,0,
C:\dev\dsgenie\price_check\price_check.module,price_check_tracking_is_FEDEX($code),5,5,5,2,0,0,0,0,
C:\dev\dsgenie\price_check\price_check.module,price_check_ajax_get_shipper_from_code(),25,25,19,5,0,0,0,0,
C:\dev\dsgenie\price_check\price_check.module,price_check_tracking_get_shipper_from_code($code),26,1,1,0,0,0,25,128,
C:\dev\dsgenie\price_check\price_check.module,price_check_tracking_process_ajax_request(),24,23,20,3,0,0,1,7,
C:\dev\dsgenie\price_check\price_check.module,price_check_page_build(&$page),5,2,2,0,0,0,3,18,
C:\dev\dsgenie\price_check\price_check.module,price_check_ebay_user_listings_report($uid),29,27,23,4,1,0,1,2,
C:\dev\dsgenie\price_check\price_check.test,getInfo(),7,6,2,1,0,0,1,9,
C:\dev\dsgenie\price_check\price_check.test,setUp(),5,4,4,0,0,0,1,7,
C:\dev\dsgenie\price_check\spider.inc,price_check_spider_admin(),2,2,2,1,0,0,0,0,
C:\dev\dsgenie\price_check\spider.inc,price_check_spider_dashboard(),13,13,12,1,0,0,0,0,
C:\dev\dsgenie\price_check\spider.inc,price_check_get_active_spider(),5,5,5,1,0,0,0,0,
C:\dev\dsgenie\price_check\spider.inc,price_check_start_spider(),6,4,4,0,0,0,2,9,
C:\dev\dsgenie\price_check\spider.inc,price_check_spider_debug(),22,21,19,1,1,0,0,0,
C:\dev\dsgenie\price_check\spider.inc,price_check_spider_queue_atom($item),135,123,101,21,4,0,8,22,
C:\dev\dsgenie\price_check\testing.inc,"price_check_get_details_atom($ebay_id, &$context)",7,7,5,0,0,0,0,0,
C:\dev\dsgenie\price_check\testing.inc,price_check_get_details_finished(),2,1,1,0,1,0,0,0,
C:\dev\dsgenie\price_check\testing.inc,price_check_mass_update_orders(),579,501,163,9,54,0,24,80,
C:\dev\dsgenie\price_check\testing.inc,price_check_walmart_filter(),29,29,16,2,0,0,0,0,
C:\dev\dsgenie\price_check\testing.inc,price_check_fix_prices_display(),29,29,9,0,0,0,0,0,
C:\dev\dsgenie\price_check\testing.inc,"price_check_fix_prices_display_request($nid, $raw_subscriber, $delta, &$context)",11,11,11,0,0,0,0,0,
C:\dev\dsgenie\price_check\testing.inc,"price_check_fix_prices_display_finished($success, $results, $operations)",1,1,1,0,0,0,0,0,
C:\dev\dsgenie\price_check\testing.inc,price_check_fix_walmart_invalid(),37,33,13,0,4,0,0,0,
C:\dev\dsgenie\price_check\testing.inc,"price_check_fix_walmart_invalid_request($nid, &$context)",27,16,14,2,0,0,11,23,
C:\dev\dsgenie\price_check\testing.inc,"price_check_fix_walmart_invalid_finished($success, $results, $operations)",2,1,1,0,1,0,0,0,
C:\dev\dsgenie\price_check\testing.inc,price_check_relink_ebay_items($start_page = 0),52,38,26,2,2,0,12,40,
C:\dev\dsgenie\price_check\testing.inc,"price_check_relink_ebay_items_atom($seller, $item, &$context)",24,22,20,1,1,0,1,5,
C:\dev\dsgenie\price_check\testing.inc,"price_check_relink_ebay_items_finished($success, $results, $operations)",2,1,1,0,1,0,0,0,
C:\dev\dsgenie\price_check\testing.inc,price_check_relink_ebay_items_output(),2,1,1,0,1,0,0,0,
C:\dev\dsgenie\price_check\testing.inc,price_check_admin_relink_ebay_items(),2,1,1,0,1,0,0,0,
